{
  "task": "stage1_MIL_Control_vs_Bile",
  "disease_label": "Bile",
  "rep": 5,
  "fold": 3,
  "base_seed": 4,
  "outer_seed_used": 10004,
  "outer_tries": 1,
  "use_view_fusion": true,
  "fixed_epochs": 120,
  "final_epoch_rule": "median",
  "tuned": {
    "T": 0.7,
    "val_logloss": 0.19543688573463142,
    "w_all": 0.30000000000000004,
    "w_fp": 0.2,
    "w_ch": 0.5,
    "E_star": 18
  },
  "inner_split": {
    "ok": 1,
    "tries": 1,
    "test_size": 0.2
  },
  "inner_best_by_view": {
    "all": {
      "best_epoch": 8,
      "best_val_bal": 0.9166666666666667,
      "best_val_loss": 0.1775071620941162
    },
    "fp": {
      "best_epoch": 74,
      "best_val_bal": 0.9166666666666667,
      "best_val_loss": 0.5563280582427979
    },
    "ch": {
      "best_epoch": 18,
      "best_val_bal": 0.9166666666666667,
      "best_val_loss": 0.14993561804294586
    }
  }
}