{
  "rep": 9,
  "fold": 3,
  "base_seed": 8,
  "outer_seed_used": 10008,
  "outer_tries": 1,
  "samplekey_mode": "basic",
  "use_view_fusion": true,
  "fusion_weights": {
    "w_all": 0.6000000000000001,
    "w_fp": 0.1,
    "w_ch": 0.29999999999999993
  },
  "temperature_T": 2.0,
  "val_logloss_for_T": 0.655526805414824,
  "max_epochs_fixed": 120,
  "final_epoch_rule": "median",
  "E_star": 101,
  "inner_split": {
    "ok": 1,
    "tries": 1,
    "test_size": 0.2
  },
  "inner_best_by_view": {
    "all": {
      "best_epoch_val_bal_acc": 118,
      "best_val_bal_acc": 0.7547619047619047,
      "best_val_loss": 1.5941036343574524
    },
    "fp": {
      "best_epoch_val_bal_acc": 77,
      "best_val_bal_acc": 0.7738095238095237,
      "best_val_loss": 1.0463261604309082
    },
    "ch": {
      "best_epoch_val_bal_acc": 101,
      "best_val_bal_acc": 0.7714285714285714,
      "best_val_loss": 1.1976813673973083
    }
  }
}