{
  "rep": 9,
  "fold": 1,
  "base_seed": 8,
  "outer_seed_used": 10008,
  "outer_tries": 1,
  "samplekey_mode": "basic",
  "use_view_fusion": true,
  "fusion_weights": {
    "w_all": 0.4,
    "w_fp": 0.30000000000000004,
    "w_ch": 0.29999999999999993
  },
  "temperature_T": 2.0,
  "val_logloss_for_T": 0.8252026792740461,
  "max_epochs_fixed": 120,
  "final_epoch_rule": "median",
  "E_star": 65,
  "inner_split": {
    "ok": 1,
    "tries": 1,
    "test_size": 0.2
  },
  "inner_best_by_view": {
    "all": {
      "best_epoch_val_bal_acc": 120,
      "best_val_bal_acc": 0.7000000000000001,
      "best_val_loss": 2.644880473613739
    },
    "fp": {
      "best_epoch_val_bal_acc": 65,
      "best_val_bal_acc": 0.6888888888888888,
      "best_val_loss": 1.6572275757789612
    },
    "ch": {
      "best_epoch_val_bal_acc": 58,
      "best_val_bal_acc": 0.7000000000000001,
      "best_val_loss": 0.7805003672838211
    }
  }
}